{
  "rmse": 2.1134265241768464,
  "mape": 2.7685790118073856,
  "arima_order": [
    2,
    1,
    2
  ],
  "seasonal_order": [
    0,
    1,
    1,
    7
  ],
  "aic": 2836.7487325884304
}